<?xml version="1.0" encoding="utf-8"?>
<XML>
  <BMS-HOSxP-F43>
    <VERSION>4.57.10.10</VERSION>
    <COMPUTER>PASOL-PC</COMPUTER>
    <USER>chondlatit</USER>
    <EXPORT-BEGIN-DATE>2014-12-01</EXPORT-BEGIN-DATE>
    <EXPORT-END-DATE>2014-12-31</EXPORT-END-DATE>
    <EXPORT-DATETIME>2015-01-12 11:21:36</EXPORT-DATETIME>
    <EXPORT-HOSPCODE></EXPORT-HOSPCODE>
    <F43>
      <CHRONIC>
        <EXPORT_RECORDS>2003</EXPORT_RECORDS>
      </CHRONIC>
      <NCDSCREEN>
        <EXPORT_RECORDS>9</EXPORT_RECORDS>
      </NCDSCREEN>
      <DEATH>
        <EXPORT_RECORDS>5</EXPORT_RECORDS>
      </DEATH>
      <SERVICE>
        <EXPORT_RECORDS>6384</EXPORT_RECORDS>
      </SERVICE>
      <DIAGNOSIS_OPD>
        <EXPORT_RECORDS>11704</EXPORT_RECORDS>
      </DIAGNOSIS_OPD>
      <DRUG_OPD>
        <EXPORT_RECORDS>15432</EXPORT_RECORDS>
      </DRUG_OPD>
      <PROCEDURE_OPD>
        <EXPORT_RECORDS>6802</EXPORT_RECORDS>
      </PROCEDURE_OPD>
      <APPOINTMENT>
        <EXPORT_RECORDS>2012</EXPORT_RECORDS>
      </APPOINTMENT>
      <CHRONICFU>
        <EXPORT_RECORDS>1352</EXPORT_RECORDS>
      </CHRONICFU>
      <LABFU>
        <EXPORT_RECORDS>6434</EXPORT_RECORDS>
      </LABFU>
      <SURVEILLANCE>
        <EXPORT_RECORDS>154</EXPORT_RECORDS>
      </SURVEILLANCE>
      <WOMEN>
        <EXPORT_RECORDS>1</EXPORT_RECORDS>
      </WOMEN>
      <FP>
        <EXPORT_RECORDS>29</EXPORT_RECORDS>
      </FP>
      <PRENATAL>
        <EXPORT_RECORDS>0</EXPORT_RECORDS>
      </PRENATAL>
      <EPI>
        <EXPORT_RECORDS>211</EXPORT_RECORDS>
      </EPI>
      <NUTRITION>
        <EXPORT_RECORDS>161</EXPORT_RECORDS>
      </NUTRITION>
      <ANC>
        <EXPORT_RECORDS>32</EXPORT_RECORDS>
      </ANC>
      <NEWBORN>
        <EXPORT_RECORDS>0</EXPORT_RECORDS>
      </NEWBORN>
      <LABOR>
        <EXPORT_RECORDS>0</EXPORT_RECORDS>
      </LABOR>
      <HOME>
        <EXPORT_RECORDS>1833</EXPORT_RECORDS>
      </HOME>
      <ACCIDENT>
        <EXPORT_RECORDS>66</EXPORT_RECORDS>
      </ACCIDENT>
      <CHARGE_OPD>
        <EXPORT_RECORDS>39429</EXPORT_RECORDS>
      </CHARGE_OPD>
      <ADMISSION>
        <EXPORT_RECORDS>237</EXPORT_RECORDS>
      </ADMISSION>
      <DIAGNOSIS_IPD>
        <EXPORT_RECORDS>334</EXPORT_RECORDS>
      </DIAGNOSIS_IPD>
      <PROCEDURE_IPD>
        <EXPORT_RECORDS>1</EXPORT_RECORDS>
      </PROCEDURE_IPD>
      <DRUG_IPD>
        <EXPORT_RECORDS>3245</EXPORT_RECORDS>
      </DRUG_IPD>
      <CHARGE_IPD>
        <EXPORT_RECORDS>8246</EXPORT_RECORDS>
      </CHARGE_IPD>
      <POSTNATAL>
        <EXPORT_RECORDS>0</EXPORT_RECORDS>
      </POSTNATAL>
      <NEWBORNCARE>
        <EXPORT_RECORDS>1</EXPORT_RECORDS>
      </NEWBORNCARE>
      <DENTAL>
        <EXPORT_RECORDS>2</EXPORT_RECORDS>
      </DENTAL>
      <SPECIALPP>
        <EXPORT_RECORDS>18</EXPORT_RECORDS>
      </SPECIALPP>
      <COMMUNITY_SERVICE>
        <EXPORT_RECORDS>19</EXPORT_RECORDS>
      </COMMUNITY_SERVICE>
      <DISABILITY>
        <EXPORT_RECORDS>65</EXPORT_RECORDS>
      </DISABILITY>
      <ICF>
        <EXPORT_RECORDS>1</EXPORT_RECORDS>
      </ICF>
      <FUNCTIONAL>
        <EXPORT_RECORDS>0</EXPORT_RECORDS>
      </FUNCTIONAL>
      <REHABILITATION>
        <EXPORT_RECORDS>0</EXPORT_RECORDS>
      </REHABILITATION>
      <VILLAGE>
        <EXPORT_RECORDS>9</EXPORT_RECORDS>
      </VILLAGE>
      <COMMUNITY_ACTIVITY>
        <EXPORT_RECORDS>0</EXPORT_RECORDS>
      </COMMUNITY_ACTIVITY>
      <PROVIDER>
        <EXPORT_RECORDS>82</EXPORT_RECORDS>
      </PROVIDER>
      <CARE_REFER>
        <EXPORT_RECORDS>0</EXPORT_RECORDS>
      </CARE_REFER>
      <CLINICAL_REFER>
        <EXPORT_RECORDS>0</EXPORT_RECORDS>
      </CLINICAL_REFER>
      <DRUG_REFER>
        <EXPORT_RECORDS>0</EXPORT_RECORDS>
      </DRUG_REFER>
      <INVESTIGATION_REFER>
        <EXPORT_RECORDS>0</EXPORT_RECORDS>
      </INVESTIGATION_REFER>
      <PROCEDURE_REFER>
        <EXPORT_RECORDS>0</EXPORT_RECORDS>
      </PROCEDURE_REFER>
      <REFER_HISTORY>
        <EXPORT_RECORDS>0</EXPORT_RECORDS>
      </REFER_HISTORY>
      <REFER_RESULT>
        <EXPORT_RECORDS>0</EXPORT_RECORDS>
      </REFER_RESULT>
      <PERSON>
        <EXPORT_RECORDS>4800</EXPORT_RECORDS>
      </PERSON>
      <CARD>
        <EXPORT_RECORDS>4441</EXPORT_RECORDS>
      </CARD>
      <ADDRESS>
        <EXPORT_RECORDS>3395</EXPORT_RECORDS>
      </ADDRESS>
      <DRUGALLERGY>
        <EXPORT_RECORDS>64</EXPORT_RECORDS>
      </DRUGALLERGY>
    </F43>
  </BMS-HOSxP-F43>
</XML>
